Memory_PssTotal,Memory_PssClean,Memory_SharedDirty,Memory_PrivateDirty,Memory_SharedClean,Memory_PrivateClean,Memory_HeapSize,Memory_HeapAlloc,Memory_HeapFree,Memory_Views,Memory_ViewRootImpl,Memory_AppContexts,Memory_Activities,Memory_Assets,Memory_LocalBinders,Memory_ProxyBinders,Memory_ParcelMemory,Memory_ParcelCount,Memory_DeathRecipients,Memory_OpenSSLSockets,Memory_WebViews,API_Command_java.lang.Runtime_exec,API_Command_java.lang.ProcessBuilder_start,API_WebView_android.webkit.WebView_loadUrl,API_WebView_android.webkit.WebView_loadData,API_WebView_android.webkit.WebView_loadDataWithBaseURL,API_WebView_android.webkit.WebView_addJavascriptInterface,API_FileIO_libcore.io.IoBridge_open,API_FileIO_android.content.ContextWrapper_openFileOutput,API_FileIO_android.content.ContextWrapper_deleteFile,API_Database_android.content.ContextWrapper_openOrCreateDatabase,API_Database_android.database.sqlite.SQLiteDatabase_execSQL,API_Database_android.database.sqlite.SQLiteDatabase_getPath,API_Database_android.database.sqlite.SQLiteDatabase_insert,API_Database_android.database.sqlite.SQLiteDatabase_insertOrThrow,API_Database_android.database.sqlite.SQLiteDatabase_insertWithOnConflict,API_Database_android.database.sqlite.SQLiteDatabase_openDatabase,API_Database_android.database.sqlite.SQLiteDatabase_query,API_Database_android.database.sqlite.SQLiteDatabase_queryWithFactory,API_Database_android.database.sqlite.SQLiteDatabase_rawQuery,API_Database_android.database.sqlite.SQLiteDatabase_rawQueryWithFactory,API_Database_android.database.sqlite.SQLiteDatabase_update,API_Database_android.database.sqlite.SQLiteDatabase_updateWithOnConflict,API_Database_android.database.sqlite.SQLiteDatabase_compileStatement,API_IPC_android.content.ContextWrapper_sendBroadcast,API_IPC_android.content.ContextWrapper_startActivity,API_IPC_android.content.ContextWrapper_startService,API_IPC_android.content.ContextWrapper_stopService,API_IPC_android.content.ContextWrapper_registerReceiver,API_Binder_android.app.ContextImpl_registerReceiver,API_Binder_android.app.ActivityThread_handleReceiver,API_Binder_android.app.Activity_startActivity,API_Crypto_javax.crypto.spec.SecretKeySpec_$init,API_Crypto_javax.crypto.Cipher_doFinal,API_Crypto-Hash_java.security.MessageDigest_digest,API_Crypto-Hash_java.security.MessageDigest_update,API_DeviceInfo_android.telephony.TelephonyManager_getDeviceId,API_DeviceInfo_android.telephony.TelephonyManager_getSubscriberId,API_DeviceInfo_android.telephony.TelephonyManager_getLine1Number,API_DeviceInfo_android.telephony.TelephonyManager_getNetworkOperator,API_DeviceInfo_android.telephony.TelephonyManager_getNetworkOperatorName,API_DeviceInfo_android.telephony.TelephonyManager_getSimOperatorName,API_DeviceInfo_android.net.wifi.WifiInfo_getMacAddress,API_DeviceInfo_android.net.wifi.WifiInfo_getIpAddress,API_DeviceInfo_android.net.wifi.WifiInfo_getNetworkId,API_DeviceInfo_android.telephony.TelephonyManager_getSimCountryIso,API_DeviceInfo_android.telephony.TelephonyManager_getSimSerialNumber,API_DeviceInfo_android.telephony.TelephonyManager_getNetworkCountryIso,API_DeviceInfo_android.os.Debug_isDebuggerConnected,API_Network_java.net.URL_openConnection,API_Network_com.android.okhttp.internal.huc.HttpURLConnectionImpl_getInputStream,API_DexClassLoader_dalvik.system.BaseDexClassLoader_findResource,API_DexClassLoader_dalvik.system.BaseDexClassLoader_findResources,API_DexClassLoader_dalvik.system.BaseDexClassLoader_findLibrary,API_DexClassLoader_dalvik.system.DexClassLoader_$init,API_Base64_android.util.Base64_decode,API_Base64_android.util.Base64_encode,API_Base64_android.util.Base64_encodeToString,API_SystemManager_android.app.ApplicationPackageManager_setComponentEnabledSetting,API_SystemManager_android.app.NotificationManager_notify,API_SystemManager_android.telephony.TelephonyManager_listen,API_SMS_android.telephony.SmsManager_sendTextMessage,API_DeviceData_android.content.ContentResolver_query,API_DeviceData_android.content.ContentResolver_registerContentObserver,API_DeviceData_android.content.ContentResolver_insert,API_DeviceData_android.content.ContentResolver_delete,API_DeviceData_android.accounts.AccountManager_getAccountsByType,API_DeviceData_android.accounts.AccountManager_getAccounts,API_DeviceData_android.os.SystemProperties_get,API_DeviceData_android.app.ApplicationPackageManager_getInstalledPackages,API__sessions,Network_TotalReceivedBytes,Network_TotalReceivedPackets,Network_TotalTransmittedBytes,Network_TotalTransmittedPackets,Battery_wakelock,Battery_service,Logcat_warning,Logcat_info,Logcat_debug,Logcat_verbose,Logcat_error,Logcat_total,Process_total,Category,Family
31912,8,11112,28784,66292,12,8079,5751,2327,0,0,6,0,2,9,27,4,16,0,0,0,0,0,0,0,0,0,0,0,0,0,3,4,1,0,1,2,2,2,0,2,0,0,2,0,0,2,0,3,6,0,0,0,0,0,0,0,0,0,0,0,0,0,0,0,0,0,0,0,6,0,0,0,0,0,0,0,0,1,0,0,0,0,0,0,0,0,0,3,0,1,240,6,360,6,4,3,1884,3708,2985,1519,889,10985,192,Trojan_Banker,gugi
165782,11128,10232,144560,83820,12788,45106,33202,11903,340,3,6,3,5,29,40,10,41,2,0,0,6,2,0,0,0,0,1,0,0,0,23,57,16,0,16,2,55,55,1,56,5,5,2,0,0,2,0,14,15,2,0,3,0,6145,6151,1,2,0,0,0,0,0,0,0,0,0,1,0,0,0,0,0,2,0,184,0,0,0,0,0,0,0,4,0,0,0,0,11,0,1,1872,8,1962,9,8,0,618,2915,1509,1782,4180,11004,186,Trojan_Banker,minimob
31113,2392,12652,23596,75880,2400,9013,4986,4026,0,0,4,0,2,2,37,2,8,0,0,0,0,0,0,0,0,0,0,0,0,0,0,0,0,0,0,0,0,0,0,0,0,0,0,0,0,0,0,0,0,0,0,0,0,0,0,0,0,0,0,0,0,0,0,0,0,0,0,0,0,0,0,0,0,0,0,0,0,0,0,0,0,0,0,0,0,0,0,0,0,0,0,0,0,0,3,0,543,5761,1303,1436,1474,10517,189,Trojan_Banker,marcher
94314,41304,11556,40304,102080,42832,24422,19309,5112,34,2,5,1,4,29,33,8,34,3,0,1,0,0,19,0,0,8,8,0,0,0,0,0,0,0,0,0,0,0,0,0,0,0,0,0,0,0,0,144,136,1,0,0,0,0,0,0,16,0,0,0,0,0,0,0,0,0,8,0,0,0,0,0,18,0,0,0,0,0,0,0,0,0,140,0,0,0,0,28,0,9,0,0,0,0,3,0,2528,1613,2862,785,6301,14089,189,Trojan_Banker,faketoken
37019,5216,12480,25252,79164,5232,13088,9932,3155,4,1,5,1,2,9,26,3,12,0,0,0,0,0,0,0,0,0,0,0,0,0,0,0,0,0,0,0,0,0,0,0,0,0,0,0,0,0,0,0,0,0,0,0,0,0,0,0,0,0,0,0,0,0,0,0,0,0,28,0,0,0,0,0,0,0,0,0,0,0,0,0,0,0,0,0,0,0,0,28,0,26,0,0,0,0,3,0,489,5515,1515,1464,1723,10706,190,Trojan_Banker,marcher
29366,44,11060,24932,64832,60,7988,5748,2239,7,0,5,1,2,8,27,3,12,0,0,0,0,0,0,0,0,0,0,0,0,0,0,0,0,0,0,0,0,0,0,0,0,0,0,0,0,0,0,0,0,0,0,0,0,0,0,0,0,0,0,0,0,0,0,0,0,0,0,0,0,0,0,0,0,0,0,0,0,0,0,0,0,0,0,0,0,0,0,2,0,2,0,0,0,0,4,0,1168,3549,2237,3204,1535,11693,193,Trojan_Banker,minimob
91642,38904,11496,39252,97536,40496,24446,19018,5427,34,2,5,1,4,31,33,8,34,3,0,1,0,0,38,0,0,10,9,0,0,0,0,0,0,0,0,0,0,0,0,0,0,0,0,0,0,8,0,178,169,1,16,0,0,0,0,0,56,0,1,0,0,0,0,0,0,0,10,0,0,0,0,0,18,0,0,0,0,0,0,0,1,0,180,0,0,0,0,29,0,9,0,0,0,0,4,0,2906,3499,7850,1161,1742,17158,190,Trojan_Banker,faketoken
46805,7972,11628,31356,71256,8096,13133,10941,2191,28,2,5,1,2,9,25,2,10,0,0,0,0,0,0,0,0,0,0,0,0,0,0,0,0,0,0,0,0,0,0,0,0,0,0,0,0,0,0,0,0,0,0,0,0,0,0,0,0,0,0,0,0,0,0,0,0,0,0,0,0,0,0,0,0,0,0,0,0,0,0,0,1,0,0,0,0,0,0,45,0,12,0,0,0,0,2,0,3590,1514,3158,799,1871,10932,190,Trojan_Banker,zitmo
47201,7640,11604,31308,73816,7764,13168,10992,2175,28,2,5,1,2,11,25,3,12,0,0,0,0,0,0,0,0,0,0,0,0,0,0,0,0,0,0,0,0,0,0,0,0,0,0,0,0,0,0,0,0,0,0,0,0,0,0,0,0,0,0,0,0,0,0,0,0,0,0,0,0,0,0,0,0,0,0,0,0,0,0,0,1,0,0,0,0,0,0,45,0,12,0,0,0,0,2,0,1508,686,3078,2498,7899,15669,186,Trojan_Banker,zitmo
34738,728,11092,29392,81648,732,8108,5898,2209,0,0,6,0,2,9,27,4,19,0,0,0,0,0,0,0,0,0,0,0,0,0,3,4,1,0,1,2,2,2,0,2,0,0,2,0,0,4,0,3,6,1,0,0,0,0,0,0,0,0,0,0,0,0,0,0,0,0,0,0,12,0,0,0,0,0,0,0,0,1,0,0,0,0,0,0,0,0,0,3,0,1,0,0,2880,48,5,3,1512,1640,2948,835,5637,12572,187,Trojan_Banker,gugi
41927,5944,12512,25284,85472,5960,13089,10104,2984,4,1,5,1,2,9,27,3,12,0,0,0,0,0,0,0,0,0,0,0,0,0,0,0,0,0,0,0,0,0,0,0,0,0,0,0,0,0,0,0,0,0,0,0,0,0,0,0,0,0,0,0,0,0,0,0,0,0,16,0,0,0,0,0,0,0,0,0,0,0,0,0,0,0,0,0,0,0,0,16,0,14,0,0,0,0,3,0,4925,1583,452,1387,1502,9849,185,Trojan_Banker,marcher
157524,22596,10428,125820,76920,23888,69500,63985,5514,164,7,10,7,4,30,38,11,43,2,0,2,6,2,0,0,9,0,1,0,0,0,2,56,1,0,1,37,19,19,0,19,17,17,37,0,0,2,0,19,19,3,14,1,0,4,5,1,2,0,10,0,0,0,0,0,40,0,14,0,0,0,0,0,2,0,172,9,9,0,0,0,0,0,0,0,0,0,0,49,0,1,70379,28,1642,30,8,0,2228,22595,808,3215,1727,30573,192,Trojan_Banker,minimob
26660,0,12216,23632,67396,8,8045,4979,3065,0,0,4,0,2,2,42,1,7,0,0,0,0,0,0,0,0,0,0,0,0,0,0,0,0,0,0,0,0,0,0,0,0,0,0,0,0,0,0,0,0,0,0,0,0,0,0,0,0,0,0,0,0,0,0,0,0,0,0,0,0,0,0,0,0,0,0,0,0,0,0,0,0,0,0,0,0,0,0,0,0,0,0,0,0,0,3,0,1512,1382,2175,2590,3364,11023,194,Trojan_Banker,marcher
43141,5720,10936,28800,93468,5732,15274,11555,3718,11,1,5,1,2,11,29,6,26,0,0,0,0,0,0,0,0,0,0,0,0,0,0,0,0,0,0,0,0,0,0,0,0,0,0,0,115,8,0,4,8,1,0,0,0,0,0,0,0,0,0,0,0,35,0,0,0,0,0,0,30,0,0,0,0,4,0,0,0,0,0,0,0,0,8,0,0,0,0,10,0,4,0,0,8400,140,3,1,4173,2223,2985,905,1500,11786,189,Trojan_Banker,faketoken
36227,4828,12688,25020,79448,4840,13097,9952,3144,4,1,5,1,2,8,26,3,14,0,0,0,0,0,0,0,0,0,0,0,0,0,0,0,0,0,0,0,0,0,0,0,0,0,0,0,0,0,0,0,0,0,0,0,0,0,0,0,0,0,0,0,0,0,0,0,0,0,33,0,0,0,0,0,0,0,0,0,0,0,0,0,0,0,0,0,0,0,0,33,0,31,0,0,0,0,3,0,6469,1600,1511,1394,470,11444,186,Trojan_Banker,marcher
61924,9004,11448,41912,72576,10916,15957,13366,2590,21,1,5,1,2,12,29,4,17,0,0,0,0,0,0,0,0,0,28,0,0,15,7,240,0,0,0,145,130,65,15,80,0,0,80,0,0,0,0,45,90,0,0,0,0,0,0,86,172,0,0,172,0,86,0,0,0,0,107,0,0,0,0,0,0,0,0,0,0,0,0,0,0,0,0,0,0,0,0,227,21,15,0,0,780,13,3,0,1501,2156,792,2099,9038,15586,189,Trojan_Banker,guerrilla
37277,5116,12892,25284,83576,5132,12078,10025,2052,4,1,5,1,2,9,26,4,16,0,0,0,0,0,0,0,0,0,0,0,0,0,0,0,0,0,0,0,0,0,0,0,0,0,0,0,0,0,0,0,0,0,0,0,0,0,0,0,0,0,0,0,0,0,0,0,0,0,35,0,0,0,0,0,0,0,0,0,0,0,0,0,0,0,0,0,0,0,0,35,0,23,0,0,0,0,3,0,1519,1665,1947,604,4278,10013,188,Trojan_Banker,marcher
39625,5264,12384,25352,84468,5280,13104,10084,3019,4,1,5,1,2,9,27,3,12,0,0,0,0,0,0,0,0,0,0,0,0,0,0,0,0,0,0,0,0,0,0,0,0,0,0,0,0,0,0,0,0,0,0,0,0,0,0,0,0,0,0,0,0,0,0,0,0,0,25,0,0,0,0,0,0,0,0,0,0,0,0,0,0,0,0,0,0,0,0,25,0,19,0,0,0,0,3,0,1502,1473,468,1411,4819,9673,188,Trojan_Banker,marcher
95717,42420,11560,39472,94044,43944,24419,19100,5318,34,1,5,1,4,31,32,8,34,3,0,1,0,0,18,0,0,8,7,0,0,0,0,0,0,0,0,0,0,0,0,0,0,0,0,0,0,0,0,140,133,1,0,0,0,0,0,0,16,0,0,0,0,0,0,0,0,0,8,0,0,0,0,0,14,0,0,0,0,0,0,0,0,0,140,0,0,0,0,23,0,7,0,0,0,0,3,0,1628,2884,913,10425,2514,18364,189,Trojan_Banker,faketoken
42064,3776,12208,29808,96440,3792,14245,11324,2920,11,1,5,1,2,12,29,5,20,0,0,0,0,0,0,0,0,0,0,0,0,0,0,0,0,0,0,0,0,0,0,0,0,0,0,0,75,8,0,6,12,0,0,0,0,0,0,0,0,0,0,0,0,27,0,0,0,0,0,0,21,0,0,0,0,6,0,0,0,0,0,0,0,0,12,0,0,0,0,14,0,6,0,0,5160,86,3,1,5156,1520,4178,2284,886,14024,189,Trojan_Banker,faketoken
34516,2560,12672,25040,78624,2572,13098,9943,3154,4,1,5,1,2,9,26,3,12,0,0,0,0,0,0,0,0,0,0,0,0,0,0,0,0,0,0,0,0,0,0,0,0,0,0,0,0,0,0,0,0,0,0,0,0,0,0,0,0,0,0,0,0,0,0,0,0,0,27,0,0,0,0,0,0,0,0,0,0,0,0,0,0,0,0,0,0,0,0,27,0,25,0,0,0,0,3,0,581,1523,1510,1753,5838,11205,189,Trojan_Banker,marcher
35736,3216,12604,25320,88448,3232,13105,10106,2998,4,1,5,1,2,9,27,3,14,0,0,0,0,0,0,0,0,0,0,0,0,0,0,0,0,0,0,0,0,0,0,0,0,0,0,0,0,0,0,0,0,0,0,0,0,0,0,0,0,0,0,0,0,0,0,0,0,0,24,0,0,0,0,0,0,0,0,0,0,0,0,0,0,0,0,0,0,0,0,24,0,22,0,0,0,0,3,0,1504,6377,1811,1542,635,11869,188,Trojan_Banker,marcher
75565,4292,10476,62696,93144,4484,29433,24009,5423,336,9,9,6,4,36,40,11,43,2,0,0,6,2,0,0,0,0,1,0,0,0,0,0,0,0,0,0,0,0,0,0,0,0,0,0,0,2,0,12,11,2,8,1,0,1,1,1,2,0,0,0,0,0,0,0,0,0,1,0,0,0,0,0,2,0,172,0,0,0,0,0,0,22,6,0,0,0,0,9,0,1,0,0,0,0,7,0,1512,1802,820,3291,6647,14072,189,Trojan_Banker,minimob
42481,1244,11160,35728,56616,1256,15565,12306,3258,31,2,6,3,2,13,31,4,18,0,0,0,0,0,0,0,0,0,0,0,0,0,0,0,0,0,0,0,0,0,0,0,0,0,0,3,2,0,0,0,0,1,8,0,0,0,0,2,8,4,0,0,0,0,0,0,0,8,0,0,0,0,2,0,0,0,0,0,0,0,0,0,0,0,0,0,0,0,0,10,0,2,1364,9,1278,11,2,0,1625,1255,465,1802,1537,6684,185,Trojan_Banker,bankbot
79887,32464,12208,33384,97204,34400,11758,8733,3024,7,0,5,1,4,15,29,12,27,0,0,1,6,2,0,0,0,0,16,0,0,0,0,0,0,0,0,0,0,0,0,0,0,0,0,0,0,2,0,132,116,2,0,1,0,1,1,1,32,0,0,0,0,0,0,0,0,0,16,0,0,0,0,0,32,0,172,0,0,0,0,0,0,0,0,0,0,0,0,48,0,16,0,0,0,0,7,0,1562,995,2928,4930,2628,13043,182,Trojan_Banker,minimob
42785,748,10112,36880,69904,756,14195,12199,1995,6,0,7,1,2,14,32,4,19,0,0,0,0,0,0,0,0,0,1,0,0,0,0,0,0,0,0,0,0,0,0,0,0,0,0,0,2,26,0,0,0,1,0,0,0,0,0,1,0,0,0,0,0,0,0,0,0,0,0,0,0,0,0,0,0,0,0,0,0,0,0,1,1,9,2,0,0,0,0,16,0,1,0,0,360,6,3,2,2094,2945,1517,2514,931,10001,194,Trojan_Banker,zitmo
51435,8824,11596,34240,75468,8840,15540,11973,3566,16,1,5,1,2,10,28,4,18,0,0,0,0,0,0,0,0,0,0,0,0,0,0,0,0,0,0,0,0,0,0,0,0,0,0,0,0,0,0,15,30,0,0,0,0,0,0,0,0,0,0,0,0,0,0,25,0,0,0,0,0,0,1,0,0,0,0,0,0,0,0,0,0,0,0,0,0,0,0,19,0,5,0,0,0,0,3,0,7040,1939,974,1223,2529,13705,187,Trojan_Banker,guerrilla
38246,5952,12688,25304,84116,5960,13104,10058,3045,4,1,5,1,2,9,26,3,14,0,0,0,0,0,0,0,0,0,0,0,0,0,0,0,0,0,0,0,0,0,0,0,0,0,0,0,0,0,0,0,0,0,0,0,0,0,0,0,0,0,0,0,0,0,0,0,0,0,25,0,0,0,0,0,0,0,0,0,0,0,0,0,0,0,0,0,0,0,0,25,0,20,0,0,0,0,3,0,1513,1533,441,5255,1474,10216,190,Trojan_Banker,marcher
147712,21912,10580,116556,84124,23040,78977,68841,10135,170,6,8,5,4,32,37,10,41,2,0,3,6,2,0,0,3,0,1,0,0,0,2,41,1,0,1,28,13,13,0,13,14,14,28,0,0,2,0,21,21,3,6,1,0,4,5,1,2,0,3,0,0,0,0,0,10,0,8,0,0,0,0,0,2,0,172,3,3,0,0,0,0,0,0,0,0,0,0,36,0,1,71338,52,1921,37,8,0,2615,18339,668,1619,1564,24805,192,Trojan_Banker,minimob
47149,7064,12048,32736,67312,7180,13141,10084,3056,28,2,5,1,2,10,25,3,12,0,0,0,0,0,0,0,0,0,0,0,0,0,0,0,0,0,0,0,0,0,0,0,0,0,0,0,0,0,0,0,0,2,0,0,0,0,0,27,8,8,0,0,0,0,0,0,0,0,0,0,2,0,0,0,0,0,0,0,0,0,0,0,0,6,0,0,0,0,0,55,0,18,27638,23,2003,29,4,1,2282,2212,1584,6685,916,13679,187,Trojan_Banker,zitmo
32291,3988,12268,23588,74032,4000,8927,5013,3913,0,0,4,0,2,2,23,2,8,0,0,0,0,0,0,0,0,0,0,0,0,0,0,0,0,0,0,0,0,0,0,0,0,0,0,0,0,0,0,0,0,0,0,0,0,0,0,0,0,0,0,0,0,0,0,0,0,0,0,0,0,0,0,0,0,0,0,0,0,0,0,0,0,0,0,0,0,0,0,0,0,0,0,0,0,0,3,0,2820,2018,1205,2697,1579,10319,192,Trojan_Banker,marcher
27337,0,12140,23616,60900,8,8010,5042,2967,0,0,4,0,2,2,38,2,8,0,0,0,0,0,0,0,0,0,0,0,0,0,0,0,0,0,0,0,0,0,0,0,0,0,0,0,0,0,0,0,0,0,0,0,0,0,0,0,0,0,0,0,0,0,0,0,0,0,0,0,0,0,0,0,0,0,0,0,0,0,0,0,0,0,0,0,0,0,0,0,0,0,0,0,0,0,3,0,1195,2627,1823,1506,12170,19321,191,Trojan_Banker,marcher
32545,3896,12444,23576,73956,3904,8951,4910,4040,0,0,4,0,2,2,28,2,8,0,0,0,0,0,0,0,0,0,0,0,0,0,0,0,0,0,0,0,0,0,0,0,0,0,0,0,0,0,0,0,0,0,0,0,0,0,0,0,0,0,0,0,0,0,0,0,0,0,0,0,0,0,0,0,0,0,0,0,0,0,0,0,0,0,0,0,0,0,0,0,0,0,0,0,0,0,3,0,1513,2367,1377,4767,2093,12117,189,Trojan_Banker,marcher
34059,784,10968,29932,67596,788,8125,5845,2279,0,0,7,0,2,9,27,4,17,0,0,0,0,0,0,0,0,0,0,0,0,0,3,4,1,0,1,2,2,2,0,2,0,0,2,0,0,3,2,5,10,1,0,0,0,0,0,0,0,0,0,0,0,0,0,0,0,0,0,0,12,0,0,0,0,0,0,0,0,1,0,0,0,0,0,0,0,0,0,3,0,1,480,12,720,12,5,3,962,3052,3416,1501,1854,10785,192,Trojan_Banker,gugi
36761,1996,12708,27452,90312,2012,18225,11117,7107,12,1,5,1,2,10,25,6,17,0,0,0,0,0,0,0,0,0,0,0,0,0,0,0,0,0,0,0,0,0,0,0,0,0,0,0,0,0,0,31,62,2,0,1,0,0,0,1,0,0,0,0,0,0,0,0,0,0,0,0,0,0,0,0,0,61,0,0,0,0,0,0,0,0,0,0,0,0,0,43,0,31,0,0,0,0,4,0,4110,1500,9244,5535,923,21312,186,Trojan_Banker,guerrilla
45020,3744,11940,32644,94628,3760,15657,12233,3423,34,2,11,6,2,18,43,6,28,0,0,0,0,0,0,0,0,0,0,0,0,0,0,0,0,0,0,0,0,0,0,0,0,0,0,0,5,30,0,0,0,16,0,0,0,0,0,15,0,0,15,0,0,0,0,0,0,0,0,0,0,0,15,0,0,0,0,0,0,0,0,0,0,52,0,0,0,0,0,15,0,3,0,0,0,0,5,3,3279,659,2100,3322,1518,10878,190,Trojan_Banker,svpeng
109975,5716,10660,94652,83044,6104,52140,42923,9216,246,11,8,5,4,26,35,8,33,2,0,0,6,2,0,0,0,0,1,0,0,0,2,56,1,0,1,39,16,16,0,16,22,22,39,0,0,2,0,12,11,2,6,1,0,1,1,1,2,0,0,0,0,0,0,0,10,0,1,0,0,0,0,0,2,0,172,0,0,0,0,0,0,0,0,0,0,0,0,48,0,1,0,0,0,0,8,0,8278,1782,2083,3162,570,15875,187,Trojan_Banker,minimob
104891,44360,12780,42352,96432,45896,24433,19232,5200,34,2,5,1,4,36,31,8,32,2,0,1,0,0,22,0,0,10,8,0,0,0,0,0,0,0,0,0,0,0,0,0,0,0,0,0,0,0,0,160,152,1,0,0,0,0,0,0,20,0,0,0,0,0,0,0,0,0,10,0,0,0,0,0,16,0,0,0,0,0,0,0,0,0,160,0,0,0,0,27,0,8,0,0,0,0,3,0,1592,791,7843,2137,2449,14812,188,Trojan_Banker,faketoken
94059,39160,11684,40988,104492,40660,24552,19368,5183,34,2,6,1,4,35,32,9,36,3,0,1,0,0,56,0,0,15,14,0,0,0,0,0,0,0,0,0,0,0,0,0,0,0,0,0,0,11,0,280,266,1,22,0,0,0,0,0,82,0,0,0,0,0,0,0,0,0,15,0,0,0,0,0,28,0,0,0,0,0,0,0,1,0,280,0,0,0,0,44,0,14,0,0,0,0,4,0,1193,1815,4175,6710,2965,16858,188,Trojan_Banker,faketoken
93549,10020,10488,58788,135964,10780,37819,28073,9745,134,4,7,4,4,31,35,10,37,2,0,2,15,5,7,0,1,2,2,3,1,0,8,38,0,6,6,1,0,0,0,37,1,1,1,10,2,14,0,45,52,11,18,2,2,32,23,10,0,8,0,2,0,1,0,0,3,0,44,0,28,14,5,0,4,0,0,1,1,1,0,0,0,4,42,0,0,0,0,18,6,2,199664,262,39056,289,5,0,1885,4025,3302,1505,896,11613,195,Trojan_Banker,minimob
42802,8,11080,39176,75572,12,8513,6275,2237,0,0,4,0,2,5,24,4,18,0,0,0,0,0,0,0,0,0,0,0,0,0,6,42,1,0,1,24,18,18,0,18,6,6,24,0,0,0,0,1,2,4,0,0,0,0,0,1,0,2,0,0,1,0,0,0,2,0,0,0,0,0,2,0,0,1,0,0,0,3,0,0,0,0,0,0,0,0,0,25,0,1,13246,20,1692,16,4,1,1769,3044,1520,795,6752,13880,191,Trojan_Banker,<unknown>
44261,6732,11956,29748,84408,6748,14233,11297,2935,11,1,5,1,2,11,28,4,18,0,0,0,0,0,0,0,0,0,0,0,0,0,0,0,0,0,0,0,0,0,0,0,0,0,0,0,73,6,0,5,10,0,0,0,0,0,0,0,0,0,0,0,0,25,0,0,0,0,0,0,20,0,0,0,0,5,0,0,0,0,0,0,0,0,10,0,0,0,0,11,0,5,0,0,5280,88,3,1,5368,1511,2438,10704,874,20895,187,Trojan_Banker,faketoken
90972,38444,11572,39812,97940,40040,24377,19435,4941,34,1,5,1,4,32,34,8,34,4,0,1,0,0,29,0,0,13,12,0,0,0,0,0,0,0,0,0,0,0,0,0,0,0,0,0,0,0,0,240,228,1,0,0,0,0,0,0,26,0,0,0,0,0,0,0,0,0,13,0,0,0,0,0,24,0,0,0,0,0,0,0,0,0,240,0,0,0,0,38,0,12,0,0,0,0,3,0,1078,7184,2614,3493,1707,16076,190,Trojan_Banker,faketoken
89660,5492,9664,75408,77204,5940,37762,24262,13499,210,1,5,1,6,25,33,11,45,2,0,0,16,35,0,0,0,0,4,0,0,0,2,7,0,111,116,2,10,5,0,5,0,0,3,0,0,3,0,12,11,11,18,1,0,1,1,1,2,0,0,0,0,0,0,0,0,0,1,0,2,0,0,0,2,0,172,0,0,0,0,0,0,0,2,0,0,0,0,20,4,1,0,0,0,0,8,1,566,1509,6770,3337,3001,15183,192,Trojan_Banker,minimob
43651,4596,12384,31020,96356,4612,13265,11007,2257,7,1,5,1,2,12,29,4,18,0,0,0,0,0,0,0,0,0,0,0,0,0,5,256,2,0,2,140,116,116,0,116,23,23,140,1,0,30,0,23,46,3,0,0,0,0,0,0,0,0,0,0,0,0,0,0,0,0,0,0,45,0,0,0,0,0,0,0,0,0,0,0,0,0,0,0,0,0,0,164,0,23,1800,45,2700,45,5,1,1517,4938,1460,4581,2591,15087,188,Trojan_Banker,gugi
82717,16288,10820,55616,92028,17532,25092,18636,6455,280,5,9,6,4,34,41,17,38,2,0,0,0,0,0,0,0,0,1,0,0,0,0,24,0,0,0,5,14,14,5,19,0,0,1,0,0,4,0,14,13,2,6,2,0,2,2,2,0,4,2,0,0,0,2,0,0,0,2,0,0,0,0,0,2,0,0,0,0,0,0,0,0,0,2,0,0,0,0,14,0,1,0,0,1559,18,7,0,3058,15557,1608,676,2212,23111,187,Trojan_Banker,minimob
41025,5276,12120,27868,79408,5296,15272,11143,4128,14,2,7,1,2,11,32,4,16,0,0,0,0,0,0,0,0,0,0,0,0,0,0,0,0,0,0,0,0,0,0,0,0,0,0,0,8,41,0,0,0,19,0,0,0,0,0,19,0,0,18,0,0,0,0,0,0,0,0,0,0,0,19,0,0,0,0,0,0,0,0,0,0,76,0,0,0,0,0,22,0,4,0,0,0,0,5,3,1518,2550,4832,758,5436,15094,192,Trojan_Banker,svpeng
94573,39816,11696,41124,104952,41276,24653,19520,5132,34,2,6,1,4,33,32,9,36,3,0,1,0,0,31,0,0,8,7,0,0,0,0,0,0,0,0,0,0,0,0,0,0,0,0,0,0,7,0,140,133,1,14,0,0,0,0,0,46,0,0,0,0,0,0,0,0,0,8,0,0,0,0,0,14,0,0,0,0,0,0,0,1,0,140,0,0,0,0,23,0,7,0,0,0,0,4,0,900,3011,2172,1685,3536,11304,187,Trojan_Banker,faketoken
43053,6664,10900,28688,94064,6680,15276,11420,3855,11,1,5,1,2,11,28,5,22,0,0,0,0,0,0,0,0,0,0,0,0,0,0,0,0,0,0,0,0,0,0,0,0,0,0,0,86,5,0,4,8,0,0,0,0,0,0,0,0,0,0,0,0,27,0,0,0,0,0,0,22,0,0,0,0,4,0,0,0,0,0,0,0,0,8,0,0,0,0,9,0,4,0,0,5760,96,3,1,7497,4874,2313,860,1510,17054,187,Trojan_Banker,faketoken
43469,4528,11632,31500,78000,4596,15210,11123,4086,28,2,5,1,2,10,26,3,12,0,0,0,0,0,0,0,0,0,0,0,0,0,0,0,0,0,0,0,0,0,0,0,0,0,0,0,0,0,0,0,0,0,0,0,0,0,0,0,0,0,0,0,0,0,0,0,0,0,0,0,0,0,0,0,0,0,0,0,0,0,0,0,1,0,0,0,0,0,0,57,0,18,0,0,0,0,2,0,2327,5928,598,1554,1510,11917,188,Trojan_Banker,zitmo
108604,24040,10296,68972,113704,25448,36670,26454,10215,444,3,7,4,7,35,36,71,104,2,0,0,6,2,0,0,0,0,1,2,0,0,4,8,35,0,35,3,1,1,1,5,16,16,3,8,0,2,1,20,27,3,10,1,0,2,2,0,0,0,2,4,0,0,0,0,0,0,3,0,0,0,2,0,2,0,172,0,0,0,0,0,0,8,9,0,3,0,0,27,0,1,0,0,0,0,6,0,660,1537,1796,1286,5940,11219,195,Trojan_Banker,minimob
44356,5648,12244,30912,87548,5692,15272,11007,4264,21,2,7,1,2,13,32,4,20,0,0,0,0,0,0,0,0,0,0,0,0,0,0,0,0,0,0,0,0,0,0,0,0,0,0,22,43,46,0,0,0,5,0,0,0,0,0,10,0,88,0,0,43,0,0,0,44,0,0,0,0,0,0,0,0,0,0,0,0,0,0,0,0,0,0,0,0,0,0,20,0,10,0,0,0,0,4,2,1877,2656,4811,4314,767,14425,191,Trojan_Banker,svpeng
34275,960,10988,29740,73472,964,8119,5975,2143,0,0,6,0,2,9,27,4,20,0,0,0,0,0,0,0,0,0,0,0,0,0,3,4,1,0,1,2,2,2,0,2,0,0,2,0,0,6,0,3,6,2,0,0,0,0,0,0,0,0,0,0,0,0,0,0,0,0,0,0,13,0,0,0,0,0,0,0,0,1,0,0,0,0,0,0,0,0,0,3,0,1,0,0,3060,51,5,3,853,1876,2515,1515,2929,9688,193,Trojan_Banker,gugi
47898,6348,10764,33252,86220,6364,14677,13047,1629,50,2,16,10,2,20,51,6,31,0,0,0,0,0,0,0,0,0,0,0,0,0,0,0,0,0,0,0,0,0,0,0,0,0,0,0,10,38,0,0,0,15,0,0,0,0,0,15,0,0,15,0,0,0,0,0,0,0,0,0,0,0,15,0,0,0,0,0,0,0,0,0,0,68,0,0,0,0,0,21,0,4,0,0,0,0,5,2,828,5065,1522,4884,2492,14791,192,Trojan_Banker,svpeng
143584,42308,11388,87116,111880,44080,36597,26802,9794,59,2,5,2,4,36,37,11,45,3,2,5,18,6,0,0,14,4,6,0,0,0,0,0,0,0,0,0,0,0,0,0,0,0,0,8,0,15,0,47,48,6,10,22,22,119,204,6,12,12,6,0,0,0,0,0,1,0,44,0,27,24,17,0,4,2,0,14,14,0,0,2,0,12,40,1,0,0,4,13,8,2,641423,627,55495,502,8,0,1631,819,1842,2978,2716,9986,190,Trojan_Banker,minimob
26585,0,12116,23648,65764,8,9023,4982,4040,0,0,4,0,2,2,38,1,6,0,0,0,0,0,0,0,0,0,0,0,0,0,0,0,0,0,0,0,0,0,0,0,0,0,0,0,0,0,0,0,0,0,0,0,0,0,0,0,0,0,0,0,0,0,0,0,0,0,0,0,0,0,0,0,0,0,0,0,0,0,0,0,0,0,0,0,0,0,0,0,0,0,0,0,0,0,3,0,2523,2764,1249,1695,1521,9752,193,Trojan_Banker,marcher
64562,32388,10320,21844,101356,34004,33335,26956,6378,294,1,5,0,4,24,34,10,40,2,0,0,0,0,4,0,0,0,1,0,0,0,0,0,0,0,0,0,0,0,0,0,0,0,0,0,0,0,0,16,15,0,0,0,0,0,0,0,0,0,0,0,0,0,0,0,0,0,4,0,0,0,0,0,2,0,0,0,0,0,0,0,0,23,20,0,0,0,0,7,0,1,0,0,0,0,4,1,3225,1167,1578,3258,2592,11820,186,Trojan_Banker,svpeng
46515,1608,10996,40180,82856,1616,13218,10369,2848,145,0,34,29,2,3,55,6,23,0,0,0,0,0,0,0,0,0,0,0,0,0,0,0,0,0,0,0,0,0,0,0,0,0,0,0,0,4,0,0,0,3,0,0,0,0,0,0,0,74,0,72,0,0,0,0,0,0,0,0,0,0,4,0,0,0,0,0,0,0,0,0,0,0,0,0,0,0,0,32,0,1,4951,18,3180,41,3,2,801,1632,2543,3338,5423,13737,192,Trojan_Banker,wroba
123367,43292,10444,61996,111712,46024,41033,31762,9270,84,3,6,3,4,38,34,10,40,2,1,5,12,4,8,8,6,4,6,2,1,0,0,0,0,0,0,0,0,0,0,0,0,0,0,8,0,13,0,60,66,4,22,24,24,184,112,6,0,7,6,0,0,0,0,0,2,0,58,0,33,24,4,0,4,2,0,13,13,0,0,0,0,12,60,0,0,0,0,19,9,2,487163,579,70281,570,7,0,1555,2836,1515,1905,3898,11709,191,Trojan_Banker,minimob
48816,7692,11564,31272,74164,7812,13152,10939,2212,28,2,5,1,2,11,25,2,10,0,0,0,0,0,0,0,0,0,0,0,0,0,0,0,0,0,0,0,0,0,0,0,0,0,0,0,0,0,0,0,0,0,0,0,0,0,0,0,0,0,0,0,0,0,0,0,0,0,0,0,0,0,0,0,0,0,0,0,0,0,0,0,1,0,0,0,0,0,0,51,0,14,0,0,0,0,2,0,10892,833,1514,2840,3255,19334,188,Trojan_Banker,zitmo
127275,39004,10628,73732,112884,41680,42771,29666,13104,148,9,8,5,4,36,40,19,46,2,0,1,12,4,0,0,14,0,2,0,0,0,2,75,1,0,1,55,20,20,0,20,34,34,55,0,0,4,0,38,38,3,2,2,0,8,10,2,6,0,14,0,0,0,0,0,0,0,23,0,0,0,0,0,4,0,344,14,14,0,0,0,0,0,4,0,0,0,0,71,0,2,71328,52,1925,37,8,0,1847,2114,771,6048,3842,14622,190,Trojan_Banker,minimob
35930,2488,11200,27448,78892,2496,9991,7237,2753,0,0,4,0,2,3,23,3,14,0,0,0,0,0,0,0,0,0,0,0,0,0,0,0,0,0,0,0,0,0,0,0,0,0,0,0,0,0,0,0,0,0,0,0,0,0,0,0,0,0,0,0,0,0,0,0,0,0,0,0,0,0,0,0,0,0,0,0,0,0,0,0,0,0,0,0,0,0,0,29,0,3,0,0,0,0,3,0,881,7911,2172,1510,1877,14351,190,Trojan_Banker,fakebank
100562,33048,10532,53428,97004,36304,19409,12297,7111,28,1,4,1,4,25,32,9,34,3,0,0,30,10,0,0,0,0,19,0,0,0,0,0,0,0,0,0,0,0,0,0,0,0,0,0,0,10,0,230,211,13,0,5,0,5,5,5,42,0,0,0,0,0,0,0,0,0,21,0,0,0,0,0,38,0,516,0,0,0,0,0,0,0,0,0,0,0,0,67,0,19,0,0,0,0,7,0,736,2492,7956,1602,2884,15670,190,Trojan_Banker,minimob
26653,0,12248,23684,59104,8,8112,5066,3045,0,0,4,0,2,2,48,1,6,0,0,0,0,0,0,0,0,0,0,0,0,0,0,0,0,0,0,0,0,0,0,0,0,0,0,0,0,0,0,0,0,0,0,0,0,0,0,0,0,0,0,0,0,0,0,0,0,0,0,0,0,0,0,0,0,0,0,0,0,0,0,0,0,0,0,0,0,0,0,0,0,0,0,0,0,0,3,0,1430,1894,2838,1528,2811,10501,190,Trojan_Banker,marcher
99532,32692,10804,55172,97176,34172,19360,15100,4259,17,2,7,2,4,29,37,9,35,4,0,0,93,31,0,0,0,0,9,0,0,0,0,0,0,0,0,0,0,0,0,0,0,0,0,13,0,62,0,118,109,33,24,0,0,31,31,0,62,64,0,0,0,0,0,0,0,0,33,0,0,0,0,0,18,0,2484,0,0,0,0,0,0,0,0,2,0,0,0,105,0,9,13371,161,34343,190,6,1,962,1740,3257,3308,2432,11699,186,Trojan_Banker,minimob
38541,4264,12572,25240,84816,4280,13134,10027,3106,4,1,5,1,2,9,27,3,12,0,0,0,0,0,0,0,0,0,0,0,0,0,0,0,0,0,0,0,0,0,0,0,0,0,0,0,0,0,0,0,0,0,0,0,0,0,0,0,0,0,0,0,0,0,0,0,0,0,27,0,0,0,0,0,0,0,0,0,0,0,0,0,0,0,0,0,0,0,0,27,0,25,0,0,0,0,3,0,1891,1505,747,2145,7401,13689,190,Trojan_Banker,marcher
39439,5620,12884,25420,82036,5640,13124,10165,2958,8,2,6,2,2,9,27,3,14,0,0,0,0,0,0,0,0,0,0,0,0,0,0,0,0,0,0,0,0,0,0,0,0,0,0,0,0,0,0,0,0,0,0,0,0,0,0,0,0,0,0,0,0,0,0,0,0,0,43,0,0,0,0,0,0,0,0,0,0,0,0,0,0,0,0,0,0,0,0,43,0,26,0,0,0,0,3,0,1496,13335,856,3000,3514,22201,190,Trojan_Banker,marcher
43407,5344,11936,31788,63852,5500,8039,6427,1611,9,0,5,1,2,4,25,9,13,0,0,0,0,0,0,0,0,0,0,0,0,0,0,0,0,0,0,0,0,0,0,0,0,0,0,0,0,0,0,0,0,0,0,0,0,0,0,0,0,0,0,0,0,0,0,0,0,0,0,0,0,0,0,0,0,0,0,0,0,0,0,0,0,0,42,0,0,0,0,67,0,23,0,0,0,0,2,0,1303,1479,4164,4478,2885,14309,189,Trojan_Banker,zitmo
124852,23232,10612,92112,74008,24488,40322,31704,8617,155,5,8,5,4,36,36,8,34,2,0,2,6,2,0,0,16,0,1,0,0,0,2,86,1,0,1,60,24,24,0,24,35,35,60,0,0,2,0,19,19,2,6,1,0,4,5,1,2,0,16,0,0,0,0,0,20,0,21,0,0,0,0,0,2,0,172,16,16,0,0,0,0,0,0,0,0,0,0,73,0,1,71339,52,1924,37,8,0,675,2037,3709,3592,1830,11843,192,Trojan_Banker,minimob
35446,3428,12532,25364,87960,3444,13089,10126,2962,4,1,5,1,2,9,27,3,14,0,0,0,0,0,0,0,0,0,0,0,0,0,0,0,0,0,0,0,0,0,0,0,0,0,0,0,0,0,0,0,0,0,0,0,0,0,0,0,0,0,0,0,0,0,0,0,0,0,22,0,0,0,0,0,0,0,0,0,0,0,0,0,0,0,0,0,0,0,0,22,0,17,0,0,0,0,3,0,475,1367,1601,1512,4822,9777,189,Trojan_Banker,marcher
35556,3500,12548,25516,87824,3516,13115,10124,2990,4,1,5,1,2,9,27,4,16,0,0,0,0,0,0,0,0,0,0,0,0,0,0,0,0,0,0,0,0,0,0,0,0,0,0,0,0,0,0,0,0,0,0,0,0,0,0,0,0,0,0,0,0,0,0,0,0,0,30,0,0,0,0,0,0,0,0,0,0,0,0,0,0,0,0,0,0,0,0,30,0,21,0,0,0,0,3,0,1521,5282,490,1512,1561,10366,188,Trojan_Banker,marcher
130453,16640,10508,102692,98900,17612,45691,32795,12895,201,3,13,8,4,50,44,12,48,2,0,8,18,6,6,1,3,3,3,0,1,0,4,9,1,0,1,6,0,0,3,3,0,0,6,12,0,15,0,45,61,8,12,2,2,263,159,35,0,12,0,10,4,0,0,0,0,0,28,0,18,13,8,0,2,0,0,3,3,0,0,1,0,2,60,0,0,4,2,17,1,1,261797,387,56404,398,6,1,980,1546,2861,2334,1507,9228,191,Trojan_Banker,minimob
26598,0,12068,23756,56012,8,9105,5101,4003,0,0,4,0,2,2,45,2,8,0,0,0,0,0,0,0,0,0,0,0,0,0,0,0,0,0,0,0,0,0,0,0,0,0,0,0,0,0,0,0,0,0,0,0,0,0,0,0,0,0,0,0,0,0,0,0,0,0,0,0,0,0,0,0,0,0,0,0,0,0,0,0,0,0,0,0,0,0,0,0,0,0,0,0,0,0,3,0,1480,1516,2011,9530,2962,17499,192,Trojan_Banker,marcher
107571,35220,10548,60440,107600,36788,29325,19146,10178,99,2,4,1,5,21,31,10,40,2,0,0,0,0,0,0,3,0,2,0,0,0,0,0,0,0,0,0,0,0,0,0,0,0,0,0,0,0,0,32,30,0,2,0,0,298,298,3,0,0,0,6,0,0,0,0,3,0,4,0,15,21,9,0,4,0,0,3,3,0,0,0,0,0,0,0,0,0,0,16,0,2,6827335,5463,217802,3198,4,0,2963,1975,735,1818,3842,11333,189,Trojan_Banker,minimob
51095,1236,10764,45680,60396,1392,16810,9130,7679,0,0,4,0,5,11,29,4,16,0,0,0,0,0,0,0,0,0,2,0,0,0,0,0,0,0,0,0,0,0,0,0,0,0,0,0,0,1,0,1,2,0,0,0,0,40,20,0,0,8,0,0,0,0,0,0,0,6,0,0,1,0,5,2,0,0,0,0,0,1,0,0,1,4,2,0,0,0,0,1,0,1,6309,50,4861,45,4,1,1513,1634,1552,513,4637,9849,193,Trojan_Banker,fakebank
41780,608,11080,38068,54920,612,8462,6302,2159,0,0,4,0,2,5,24,4,19,0,0,0,0,0,0,0,0,0,0,0,0,0,6,38,1,0,1,22,16,16,0,16,6,6,22,0,0,0,0,1,2,3,0,0,0,0,0,1,0,2,0,0,1,0,0,0,1,0,0,0,0,0,1,0,0,1,0,0,0,3,0,0,0,0,0,0,0,0,0,23,0,1,283,5,598,5,4,1,1329,1546,482,1516,5952,10825,190,Trojan_Banker,faketoken
37495,4088,12452,25108,83732,4096,13098,9948,3149,4,1,5,1,2,9,26,3,14,0,0,0,0,0,0,0,0,0,0,0,0,0,0,0,0,0,0,0,0,0,0,0,0,0,0,0,0,0,0,0,0,0,0,0,0,0,0,0,0,0,0,0,0,0,0,0,0,0,26,0,0,0,0,0,0,0,0,0,0,0,0,0,0,0,0,0,0,0,0,26,0,24,0,0,0,0,3,0,539,1704,9807,1704,1513,15267,190,Trojan_Banker,marcher
31260,3104,12492,23516,72824,3112,8963,4958,4004,0,0,4,0,2,2,30,2,8,0,0,0,0,0,0,0,0,0,0,0,0,0,0,0,0,0,0,0,0,0,0,0,0,0,0,0,0,0,0,0,0,0,0,0,0,0,0,0,0,0,0,0,0,0,0,0,0,0,0,0,0,0,0,0,0,0,0,0,0,0,0,0,0,0,0,0,0,0,0,0,0,0,0,0,0,0,3,0,5454,1378,500,1509,1342,10183,193,Trojan_Banker,marcher
37833,5472,12852,25664,84360,5488,13131,10258,2872,8,2,6,2,2,11,27,3,14,0,0,0,0,0,0,0,0,0,0,0,0,0,0,0,0,0,0,0,0,0,0,0,0,0,0,0,0,0,0,0,0,0,0,0,0,0,0,0,0,0,0,0,0,0,0,0,0,0,40,0,0,0,0,0,0,0,0,0,0,0,0,0,0,0,0,0,0,0,0,40,0,25,0,0,0,0,3,0,6986,1501,791,2983,2535,14796,191,Trojan_Banker,marcher
39582,6860,12736,25380,75412,6876,13104,10080,3023,4,1,5,1,2,9,26,3,14,0,0,0,0,0,0,0,0,0,0,0,0,0,0,0,0,0,0,0,0,0,0,0,0,0,0,0,0,0,0,0,0,0,0,0,0,0,0,0,0,0,0,0,0,0,0,0,0,0,25,0,0,0,0,0,0,0,0,0,0,0,0,0,0,0,0,0,0,0,0,25,0,23,0,0,0,0,3,0,1993,1722,8894,1327,1437,15373,188,Trojan_Banker,marcher
42063,8,10948,39308,54852,12,8561,6314,2246,0,0,4,0,2,5,24,4,20,0,0,0,0,0,0,0,0,0,0,0,0,0,6,42,1,0,1,24,18,18,0,18,6,6,24,0,0,0,0,1,2,4,0,0,0,0,0,1,0,2,0,0,1,0,0,0,2,0,0,0,0,0,2,0,0,1,0,0,0,3,0,0,0,0,0,0,0,0,0,25,0,1,1344,8,1200,10,4,1,1825,2758,4473,1523,1007,11586,190,Trojan_Banker,faketoken
40100,3160,12332,27972,95860,3380,8245,6606,1638,30,1,4,1,3,13,28,7,21,0,0,0,0,0,0,0,0,0,0,0,0,0,0,0,0,0,0,0,0,0,0,0,0,0,0,0,0,0,0,29,58,2,0,4,1,2,1,2,0,0,1,2,1,1,0,0,0,0,0,0,71,70,0,0,0,57,0,0,0,0,0,0,0,0,66,0,0,0,0,33,0,29,144521,269,29564,291,4,0,4704,7895,1203,1590,3779,19171,188,Trojan_Banker,guerrilla
38992,5240,13204,25200,85860,5256,13086,10043,3042,4,1,5,1,2,9,27,3,12,0,0,0,0,0,0,0,0,0,0,0,0,0,0,0,0,0,0,0,0,0,0,0,0,0,0,0,0,0,0,0,0,0,0,0,0,0,0,0,0,0,0,0,0,0,0,0,0,0,58,0,0,0,0,0,0,0,0,0,0,0,0,0,0,0,0,0,0,0,0,58,0,31,0,0,0,0,3,0,1522,4054,2991,4074,1003,13644,187,Trojan_Banker,marcher
107417,33964,11000,61164,95468,35544,36839,31477,5361,294,1,5,0,4,23,34,13,65,2,0,0,0,0,24,0,0,0,1,0,0,0,0,0,0,0,0,0,0,0,0,0,0,0,0,0,0,17,0,22,21,25,0,0,0,0,0,25,0,0,0,2,0,0,0,0,0,30,24,0,0,0,0,0,4,0,0,0,0,0,0,0,0,6,0,0,0,0,1,31,0,2,0,0,0,0,4,1,1529,926,3720,3148,2750,12073,191,Trojan_Banker,svpeng
110699,5108,10644,96612,89196,5332,54128,44957,9170,102,5,7,4,4,24,35,7,30,2,0,0,6,2,0,0,0,0,1,0,0,0,2,54,1,0,1,39,15,15,0,15,24,24,39,0,0,2,0,12,11,2,6,1,0,1,1,1,2,0,0,0,0,0,0,0,10,0,1,0,0,0,0,0,2,0,172,0,0,0,0,0,0,0,0,0,0,0,0,48,0,1,0,0,0,0,8,0,589,1735,7532,2122,3136,15114,193,Trojan_Banker,minimob
28135,4,12308,23484,74372,12,8960,4915,4044,0,0,4,0,2,2,29,2,9,0,0,0,0,0,0,0,0,0,0,0,0,0,0,0,0,0,0,0,0,0,0,0,0,0,0,0,0,0,0,0,0,0,0,0,0,0,0,0,0,0,0,0,0,0,0,0,0,0,0,0,0,0,0,0,0,0,0,0,0,0,0,0,0,0,0,0,0,0,0,0,0,0,0,0,0,0,3,0,1183,2460,1586,1478,1075,7782,191,Trojan_Banker,marcher
26645,0,12248,23700,56960,12,9108,5015,4092,0,0,4,0,2,2,47,1,6,0,0,0,0,0,0,0,0,0,0,0,0,0,0,0,0,0,0,0,0,0,0,0,0,0,0,0,0,0,0,0,0,0,0,0,0,0,0,0,0,0,0,0,0,0,0,0,0,0,0,0,0,0,0,0,0,0,0,0,0,0,0,0,0,0,0,0,0,0,0,0,0,0,0,0,0,0,3,0,2710,1313,1512,5811,1959,13305,191,Trojan_Banker,marcher
98103,38404,10628,46776,101100,39976,27242,23499,3742,36,3,11,5,4,36,47,10,43,3,0,2,0,0,2,0,0,0,1,0,0,0,0,0,0,0,0,0,0,0,0,0,0,0,0,0,7,30,0,22,21,13,2,0,0,0,0,12,0,0,12,0,0,0,0,0,0,0,2,0,0,0,12,0,2,0,0,0,0,0,0,0,0,56,40,0,0,0,0,21,0,3,0,0,0,0,5,2,4421,4256,2256,883,1373,13189,192,Trojan_Banker,svpeng
93987,37860,12936,42364,105504,39524,24450,19304,5145,34,2,5,1,4,35,34,8,34,4,0,1,0,0,23,0,0,10,9,0,0,0,0,0,0,0,0,0,0,0,0,0,0,0,0,0,0,0,0,180,171,1,0,0,0,0,0,0,20,0,0,0,0,0,0,0,0,0,10,0,0,0,0,0,18,0,0,0,0,0,0,0,0,0,180,0,0,0,0,29,0,9,0,0,0,0,3,0,3274,1681,5384,2519,1068,13926,191,Trojan_Banker,faketoken
39356,6616,12564,25288,83796,6632,13104,10060,3043,4,1,5,1,2,8,27,2,10,0,0,0,0,0,0,0,0,0,0,0,0,0,0,0,0,0,0,0,0,0,0,0,0,0,0,0,0,0,0,0,0,0,0,0,0,0,0,0,0,0,0,0,0,0,0,0,0,0,19,0,0,0,0,0,0,0,0,0,0,0,0,0,0,0,0,0,0,0,0,19,0,17,0,0,0,0,3,0,9492,1861,1512,2120,761,15746,186,Trojan_Banker,marcher
66629,676,10864,61540,76176,808,15261,10546,4714,0,0,5,0,2,5,26,5,25,0,0,0,407,190,0,0,0,0,0,0,0,0,0,0,0,0,0,0,0,0,0,0,0,0,0,0,357,6,0,0,0,7,6,0,0,32,16,79,0,30,0,0,15,0,0,0,0,0,15,0,0,0,11,0,0,0,0,0,0,1,0,0,0,0,4,0,0,0,0,4,10,1,4467,61,20983,72,5,2,708,4851,3415,2446,1519,12939,188,Trojan_Banker,marcher
113286,40260,10532,49292,107964,47684,31732,27710,4021,61,4,6,2,4,40,36,11,47,3,0,2,24,8,16,0,0,8,6,0,1,0,0,0,0,0,0,0,0,0,0,0,0,0,0,24,0,26,0,146,180,8,18,2,2,10,9,9,0,16,0,0,0,0,0,0,0,0,24,0,8,0,0,0,12,0,0,0,0,0,6,0,0,0,160,0,0,0,0,29,0,6,4384,66,15373,86,6,1,2340,5335,1353,2834,1517,13379,191,Trojan_Banker,minimob
46486,6988,11536,31520,70416,7112,15211,11106,4104,28,2,5,1,2,10,26,3,14,0,0,0,0,0,0,0,0,0,0,0,0,0,0,0,0,0,0,0,0,0,0,0,0,0,0,0,0,0,0,0,0,0,0,0,0,0,0,0,0,0,0,0,0,0,0,0,0,0,0,0,0,0,0,0,0,0,0,0,0,0,0,0,1,0,0,0,0,0,0,57,0,17,0,0,0,0,3,0,2402,807,1473,7269,3199,15150,187,Trojan_Banker,zitmo
43982,6604,10912,28768,90064,6620,14241,11490,2750,11,1,5,1,2,12,28,5,20,0,0,0,0,0,0,0,0,0,0,0,0,0,0,0,0,0,0,0,0,0,0,0,0,0,0,0,77,8,0,7,14,0,0,0,0,0,0,0,0,0,0,0,0,30,0,0,0,0,0,0,22,0,0,0,0,7,0,0,0,0,0,0,0,0,14,0,0,0,0,15,0,7,0,0,5220,87,3,1,1511,2173,746,4961,5027,14418,187,Trojan_Banker,faketoken
43540,8,11076,38944,79344,12,8454,6213,2240,0,0,4,0,2,5,24,4,18,0,0,0,0,0,0,0,0,0,0,0,0,0,6,42,1,0,1,24,18,18,0,18,6,6,24,0,0,0,0,1,2,4,0,0,0,0,0,1,0,2,0,0,1,0,0,0,2,0,0,0,0,0,2,0,0,1,0,0,0,3,0,0,0,0,0,0,0,0,0,25,0,1,566,10,1196,10,4,1,3154,1537,1319,2009,4859,12878,188,Trojan_Banker,faketoken
30694,2316,11428,23296,76672,2328,9119,5103,4015,0,0,4,0,2,2,47,2,8,0,0,0,0,0,0,0,0,0,0,0,0,0,0,0,0,0,0,0,0,0,0,0,0,0,0,0,0,0,0,0,0,0,0,0,0,0,0,0,0,0,0,0,0,0,0,0,0,0,0,0,0,0,0,0,0,0,0,0,0,0,0,0,0,0,0,0,0,0,0,0,0,0,0,0,0,0,3,0,2050,2626,1667,3861,1518,11722,189,Trojan_Banker,marcher
39442,252,11088,36376,52276,260,8471,6377,2093,0,0,8,0,2,9,29,5,22,0,0,0,0,0,0,0,0,0,0,0,0,0,0,0,0,0,0,0,0,0,0,0,0,0,0,0,8,36,0,1,2,7,4,0,0,1,1,12,0,26,0,24,0,0,0,0,0,0,0,0,5,0,0,0,0,0,0,0,0,1,0,2,0,0,2,0,0,0,0,3,0,1,504,12,2082,18,3,3,956,1712,1526,2188,1891,8273,190,Trojan_Banker,wroba
95026,14512,8056,65792,77876,15232,32163,25702,6460,404,12,11,8,4,37,43,17,69,2,2,0,6,2,0,0,0,0,7,0,0,0,102,12,0,0,0,6,0,0,6,6,0,0,6,12,0,15,0,15,17,2,0,1,0,179,90,1,2,0,0,0,0,0,0,0,1,0,1,0,0,0,0,0,2,0,184,0,0,0,0,0,0,18,18,1,0,0,0,31,0,1,9544,23,2608,25,7,0,3466,1954,660,1597,3776,11453,190,Trojan_Banker,minimob
41020,7332,12508,25300,75056,7348,13121,10111,3009,4,1,5,1,2,9,27,3,12,0,0,0,0,0,0,0,0,0,0,0,0,0,0,0,0,0,0,0,0,0,0,0,0,0,0,0,0,0,0,0,0,0,0,0,0,0,0,0,0,0,0,0,0,0,0,0,0,0,24,0,0,0,0,0,0,0,0,0,0,0,0,0,0,0,0,0,0,0,0,24,0,22,0,0,0,0,3,0,2045,793,7546,2492,1515,14391,191,Trojan_Banker,marcher
46376,6968,11672,31668,74184,7092,14191,11195,2995,28,2,5,1,2,9,26,4,18,0,0,0,0,0,0,0,0,0,0,0,0,0,0,0,0,0,0,0,0,0,0,0,0,0,0,0,0,0,0,0,0,0,0,0,0,0,0,0,0,0,0,0,0,0,0,0,0,0,0,0,0,0,0,0,0,0,0,0,0,0,0,0,1,0,0,0,0,0,0,42,0,12,0,0,0,0,3,0,1702,1506,564,2762,5984,12518,189,Trojan_Banker,zitmo
31543,3824,11280,23116,73140,3832,8997,4953,4043,0,0,4,0,2,2,35,2,8,0,0,0,0,0,0,0,0,0,0,0,0,0,0,0,0,0,0,0,0,0,0,0,0,0,0,0,0,0,0,0,0,0,0,0,0,0,0,0,0,0,0,0,0,0,0,0,0,0,0,0,0,0,0,0,0,0,0,0,0,0,0,0,0,0,0,0,0,0,0,0,0,0,0,0,0,0,3,0,2608,1904,4828,1256,1513,12109,192,Trojan_Banker,marcher
34097,1164,11108,29072,68164,1168,9116,5939,3176,0,0,6,0,2,9,27,4,19,0,0,0,0,0,0,0,0,0,0,0,0,0,3,4,1,0,1,2,2,2,0,2,0,0,2,0,0,3,0,3,6,1,0,0,0,0,0,0,0,0,0,0,0,0,0,0,0,0,0,0,6,0,0,0,0,0,0,0,0,1,0,0,0,0,0,0,0,0,0,3,0,1,0,0,1440,24,5,3,2453,1789,625,1510,4919,11296,192,Trojan_Banker,gugi
105324,5528,10824,90560,76580,5760,46171,37390,8780,288,10,7,4,4,24,34,7,30,2,0,0,6,2,0,0,0,0,1,0,0,0,2,54,1,0,1,39,15,15,0,15,23,23,39,0,0,2,0,12,11,2,6,1,0,1,1,1,2,0,0,0,0,0,0,0,10,0,1,0,0,0,0,0,2,0,172,0,0,0,0,0,0,0,0,0,0,0,0,48,0,1,0,0,0,0,8,0,2292,5506,1781,3279,646,13504,192,Trojan_Banker,minimob
40535,5820,12948,25476,79896,5840,13124,10158,2965,8,2,6,2,2,9,27,3,12,0,0,0,0,0,0,0,0,0,0,0,0,0,0,0,0,0,0,0,0,0,0,0,0,0,0,0,0,0,0,0,0,0,0,0,0,0,0,0,0,0,0,0,0,0,0,0,0,0,43,0,0,0,0,0,0,0,0,0,0,0,0,0,0,0,0,0,0,0,0,43,0,25,0,0,0,0,3,0,3373,877,2573,1502,3076,11401,189,Trojan_Banker,marcher
53272,800,10904,48208,81388,932,11736,7775,3960,0,0,5,0,2,5,26,4,17,0,0,0,221,97,0,0,0,0,0,0,0,0,0,0,0,0,0,0,0,0,0,0,0,0,0,0,294,2,0,0,0,5,6,0,0,30,15,75,0,30,0,0,15,0,0,0,0,0,15,0,0,0,10,0,0,0,0,0,0,1,0,0,0,0,4,0,0,0,0,4,10,1,3998,54,15220,65,5,2,506,1748,2046,1517,3007,8824,189,Trojan_Banker,marcher
107881,23460,10588,75360,87800,24632,35508,27172,8335,238,9,8,5,4,32,37,10,39,2,0,3,6,2,0,0,3,0,1,0,0,0,2,41,1,0,1,29,12,12,0,12,16,16,29,0,0,2,0,19,19,2,6,1,0,4,5,1,2,0,3,0,0,0,0,0,10,0,8,0,0,0,0,0,2,0,172,3,3,0,0,0,0,0,0,0,0,0,0,37,0,1,71636,53,2440,38,8,0,1686,4111,2953,1833,622,11205,193,Trojan_Banker,minimob
95549,42836,11544,39880,102096,44432,24409,19072,5336,34,1,5,1,4,30,32,8,34,3,0,1,0,0,18,0,0,8,7,0,0,0,0,0,0,0,0,0,0,0,0,0,0,0,0,0,0,0,0,140,133,1,0,0,0,0,0,0,16,0,0,0,0,0,0,0,0,0,8,0,0,0,0,0,14,0,0,0,0,0,0,0,0,0,140,0,0,0,0,23,0,7,0,0,0,0,3,0,1637,3112,2292,3509,982,11532,190,Trojan_Banker,faketoken
49679,7668,11768,33308,67908,7856,13188,10803,2384,9,1,5,1,2,10,28,5,20,0,0,0,0,0,0,0,0,0,0,0,0,0,0,0,0,0,0,0,0,0,0,0,0,0,0,0,0,0,0,0,0,2,0,0,0,0,0,18,0,0,0,0,0,0,0,0,0,0,0,0,0,0,0,0,0,0,0,0,0,0,0,0,0,0,36,0,0,0,0,52,0,17,0,0,0,0,3,0,7091,653,1819,1998,1555,13116,190,Trojan_Banker,zitmo
108342,40292,11460,54716,96472,42564,25252,20637,4614,7,1,6,1,4,36,36,10,39,3,0,1,66,22,15,0,0,0,8,0,0,0,0,0,0,0,0,0,0,0,0,0,0,0,0,0,0,22,0,172,164,19,4,11,0,11,11,11,24,0,0,0,0,0,0,0,0,0,27,0,0,0,0,0,16,0,1376,0,0,0,0,0,0,0,240,0,0,0,0,32,0,8,0,0,0,0,7,0,4904,1119,2347,1733,3739,13842,191,Trojan_Banker,minimob
31636,3948,12480,23476,74180,3960,8927,4894,4032,0,0,4,0,2,2,23,2,8,0,0,0,0,0,0,0,0,0,0,0,0,0,0,0,0,0,0,0,0,0,0,0,0,0,0,0,0,0,0,0,0,0,0,0,0,0,0,0,0,0,0,0,0,0,0,0,0,0,0,0,0,0,0,0,0,0,0,0,0,0,0,0,0,0,0,0,0,0,0,0,0,0,0,0,0,0,3,0,1520,1327,2994,2764,1757,10362,195,Trojan_Banker,marcher
32675,96,10968,29124,72500,100,9116,5998,3117,0,0,6,0,2,9,27,4,19,0,0,0,0,0,0,0,0,0,0,0,0,0,3,4,1,0,1,2,2,2,0,2,0,0,2,0,0,3,0,3,6,1,0,0,0,0,0,0,0,0,0,0,0,0,0,0,0,0,0,0,6,0,0,0,0,0,0,0,0,1,0,0,0,0,0,0,0,0,0,3,0,1,0,0,1440,24,5,3,1512,1870,2716,4577,830,11505,194,Trojan_Banker,<unknown>
109568,29100,10460,70088,108572,29520,33744,21466,12277,142,4,8,3,4,33,38,10,42,2,2,0,18,6,0,0,0,0,29,0,0,0,1,3,0,0,0,1,0,0,0,2,0,0,1,1,0,12,0,78,74,8,4,0,0,351,205,2,4,4,5,6,0,0,0,0,6,0,9,4,18,1,0,0,8,0,1064,0,0,0,0,0,0,6,4,0,0,2,0,17,2,4,60087,156,24374,173,8,1,1521,1941,3775,3180,865,11282,189,Trojan_Banker,minimob
93761,3272,10360,78464,100172,3408,30347,23371,6975,148,2,5,2,8,36,36,8,33,2,0,0,6,2,0,0,0,0,1,8,0,0,6,64,28,0,28,23,40,40,0,41,54,54,23,1,0,3,0,19,25,9,20,1,0,1,1,1,2,0,0,0,0,0,0,0,0,0,1,0,0,0,3,0,2,0,172,0,0,0,0,0,0,4,3,0,0,0,0,28,0,1,4256,20,5106,23,8,0,1610,681,3402,1746,3936,11375,200,Trojan_Banker,minimob
30468,3188,13328,22992,66168,3192,7878,4675,3202,0,0,2,0,2,2,21,1,6,0,0,0,0,0,2,0,0,0,35,0,0,0,0,0,0,0,0,0,0,0,0,0,0,0,0,0,0,0,0,165,144,0,0,0,0,0,0,0,0,0,0,0,0,0,0,0,0,0,3,0,0,0,0,0,72,0,0,0,0,0,0,0,0,214,0,0,0,0,0,108,0,36,0,0,0,0,4,0,1632,2644,1542,2217,1803,9838,189,Trojan_Banker,<unknown>
45958,7204,12040,29628,81944,7220,15258,11320,3937,11,1,5,1,2,12,28,5,20,0,0,0,0,0,0,0,0,0,0,0,0,0,0,0,0,0,0,0,0,0,0,0,0,0,0,0,83,10,0,9,18,0,0,0,0,0,0,0,0,0,0,0,0,34,0,0,0,0,0,0,24,0,0,0,0,9,0,0,0,0,0,0,0,0,18,0,0,0,0,19,0,9,0,0,5700,95,3,1,1507,5288,2162,7007,863,16827,190,Trojan_Banker,faketoken
54915,31260,11680,13664,107540,33340,21914,17591,4322,26,1,5,1,4,28,36,16,33,0,0,0,6,2,0,0,0,0,11,0,0,0,1,20,0,0,0,10,10,10,0,10,0,0,10,0,0,2,0,132,121,2,0,1,0,1,1,1,22,0,0,0,0,0,0,0,0,0,11,0,0,0,0,0,22,0,172,0,0,0,0,0,0,0,0,0,0,0,0,43,0,11,0,0,0,0,7,0,1746,2578,2638,982,1581,9525,190,Trojan_Banker,<unknown>
72425,5472,10548,58808,89824,5620,27504,20253,7250,313,10,5,2,4,25,34,9,37,2,0,0,6,2,0,0,0,0,1,0,0,0,0,0,0,0,0,0,0,0,0,0,0,0,0,0,0,2,0,12,11,2,6,1,0,1,1,1,2,0,0,0,0,0,0,0,0,0,1,0,0,0,0,0,2,0,172,0,0,0,0,0,0,0,6,0,0,0,0,8,0,1,0,0,0,0,8,0,1957,1719,3102,3286,631,10695,187,Trojan_Banker,minimob
43040,4832,11532,31276,77348,4932,13179,11014,2164,28,2,5,1,2,9,25,3,12,0,0,0,0,0,0,0,0,0,0,0,0,0,0,0,0,0,0,0,0,0,0,0,0,0,0,0,0,0,0,0,0,0,0,0,0,0,0,0,0,0,0,0,0,0,0,0,0,0,0,0,0,0,0,0,0,0,0,0,0,0,0,0,1,0,0,0,0,0,0,64,0,19,0,0,0,0,3,0,628,2409,1905,1332,5470,11744,187,Trojan_Banker,zitmo
